{"0":{"Origin":{"X":5.0000014,"Y":-8.660254,"Z":0},"Radius":4.5,"Properties":{"Color":{"R":62,"G":113,"B":123,"A":255},"Fuzziness":0.46137887,"Attenuation":{"X":0.24313726,"Y":0.44313726,"Z":0.48235294}}},"1":{"Origin":{"X":13,"Y":0,"Z":0},"Radius":4.5,"Properties":{"Color":{"R":46,"G":7,"B":212,"A":255},"Fuzziness":0.28649902,"Attenuation":{"X":0.18039216,"Y":0.02745098,"Z":0.83137256}}},"10":{"Origin":{"X":0,"Y":12.499999,"Z":21.650635},"Radius":4.5,"Properties":{"Color":{"R":208,"G":32,"B":92,"A":255},"Fuzziness":0.26738867,"Attenuation":{"X":0.8156863,"Y":0.1254902,"Z":0.36078432}}},"12":{"Origin":{"X":13.999999,"Y":24.248713,"Z":0},"Radius":4.5,"Properties":{"Color":{"R":55,"G":153,"B":140,"A":255},"Attenuation":{"X":0.21568628,"Y":0.6,"Z":0.54901963}}},"14":{"Origin":{"X":15.499999,"Y":0,"Z":26.846788},"Radius":4.5,"Properties":{"Color":{"R":139,"G":161,"B":224,"A":255},"Attenuation":{"X":0.54509807,"Y":0.6313726,"Z":0.8784314}}},"15":{"Origin":{"X":0,"Y":-12.500001,"Z":21.650635},"Radius":4.5,"Properties":{"Color":{"R":88,"G":201,"B":220,"A":255},"Attenuation":{"X":0.34509805,"Y":0.7882353,"Z":0.8627451}}},"16":{"Origin":{"X":0,"Y":17,"Z":29.444864},"Radius":4.5,"Properties":{"Color":{"R":151,"G":48,"B":176,"A":255},"Fuzziness":0.09887526,"Attenuation":{"X":0.5921569,"Y":0.1882353,"Z":0.6901961}}},"18":{"Origin":{"X":18.5,"Y":32.042942,"Z":0},"Radius":4.5,"Properties":{"Color":{"R":46,"G":172,"B":32,"A":255},"Attenuation":{"X":0.18039216,"Y":0.6745098,"Z":0.1254902}}},"2":{"Origin":{"X":0,"Y":16,"Z":0},"Radius":4.5,"Properties":{"RefractiveIndex":1.6546888,"Attenuation":{"X":1,"Y":1,"Z":1}}},"20":{"Origin":{"X":0,"Y":-25,"Z":-2.1855694e-06},"Radius":4.5,"Properties":{"Color":{"R":93,"G":91,"B":49,"A":255},"Attenuation":{"X":0.3647059,"Y":0.35686275,"Z":0.19215687}}},"21":{"Origin":{"X":-15.500002,"Y":0,"Z":26.846786},"Radius":4.5,"Properties":{"RefractiveIndex":1.7844088,"Attenuation":{"X":1,"Y":1,"Z":1}}},"24":{"Origin":{"X":0,"Y":-17.000002,"Z":29.444862},"Radius":4.5,"Properties":{"Color":{"R":34,"G":191,"B":101,"A":255},"Fuzziness":0.19147015,"Attenuation":{"X":0.13333334,"Y":0.7490196,"Z":0.39607844}}},"25":{"Origin":{"X":0,"Y":-12.499997,"Z":-21.650637},"Radius":4.5,"Properties":{"RefractiveIndex":1.5809495,"Attenuation":{"X":1,"Y":1,"Z":1}}},"27":{"Origin":{"X":-18.500002,"Y":32.04294,"Z":0},"Radius":4.5,"Properties":{"Color":{"R":188,"G":2,"B":214,"A":255},"Attenuation":{"X":0.7372549,"Y":0.007843138,"Z":0.8392157}}},"28":{"Origin":{"X":-31,"Y":0,"Z":-2.7101062e-06},"Radius":4.5,"Properties":{"Color":{"R":145,"G":96,"B":207,"A":255},"Attenuation":{"X":0.5686275,"Y":0.3764706,"Z":0.8117647}}},"3":{"Origin":{"X":19,"Y":0,"Z":0},"Radius":4.5,"Properties":{"Color":{"R":31,"G":122,"B":178,"A":255},"Attenuation":{"X":0.12156863,"Y":0.47843137,"Z":0.69803923}}},"30":{"Origin":{"X":-13.999997,"Y":-24.248713,"Z":0},"Radius":4.5,"Properties":{"Color":{"R":170,"G":236,"B":233,"A":255},"Attenuation":{"X":0.6666667,"Y":0.9254902,"Z":0.9137255}}},"32":{"Origin":{"X":0,"Y":-34,"Z":-2.9723744e-06},"Radius":4.5,"Properties":{"RefractiveIndex":1.6147313,"Attenuation":{"X":1,"Y":1,"Z":1}}},"35":{"Origin":{"X":-15.499997,"Y":0,"Z":-26.846788},"Radius":4.5,"Properties":{"RefractiveIndex":2.0626438,"Attenuation":{"X":1,"Y":1,"Z":1}}},"36":{"Origin":{"X":-37,"Y":-3.234643e-06,"Z":0},"Radius":4.5,"Properties":{"RefractiveIndex":1.3660471,"Attenuation":{"X":1,"Y":1,"Z":1}}},"4":{"Origin":{"X":22,"Y":0,"Z":0},"Radius":4.5,"Properties":{"RefractiveIndex":1.6490179,"Attenuation":{"X":1,"Y":1,"Z":1}}},"40":{"Origin":{"X":0,"Y":-16.999996,"Z":-29.444866},"Radius":4.5,"Properties":{"Color":{"R":214,"G":121,"B":103,"A":255},"Attenuation":{"X":0.8392157,"Y":0.4745098,"Z":0.40392157}}},"42":{"Origin":{"X":15.500004,"Y":0,"Z":-26.846785},"Radius":4.5,"Properties":{"Color":{"R":135,"G":34,"B":90,"A":255},"Attenuation":{"X":0.5294118,"Y":0.13333334,"Z":0.3529412}}},"45":{"Origin":{"X":-18.499996,"Y":-32.042942,"Z":0},"Radius":4.5,"Properties":{"RefractiveIndex":2.1631083,"Attenuation":{"X":1,"Y":1,"Z":1}}},"48":{"Origin":{"X":0,"Y":17.000004,"Z":-29.44486},"Radius":4.5,"Properties":{"Color":{"R":42,"G":57,"B":60,"A":255},"Fuzziness":0.46877575,"Attenuation":{"X":0.16470589,"Y":0.22352941,"Z":0.23529412}}},"5":{"Origin":{"X":0,"Y":25,"Z":0},"Radius":4.5,"Properties":{"Color":{"R":168,"G":111,"B":125,"A":255},"Fuzziness":0.010774101,"Attenuation":{"X":0.65882355,"Y":0.43529412,"Z":0.49019608}}},"54":{"Origin":{"X":18.500004,"Y":-32.04294,"Z":0},"Radius":4.5,"Properties":{"Color":{"R":195,"G":26,"B":21,"A":255},"Attenuation":{"X":0.7647059,"Y":0.101960786,"Z":0.08235294}}},"6":{"Origin":{"X":28,"Y":0,"Z":0},"Radius":4.5,"Properties":{"Color":{"R":187,"G":214,"B":191,"A":255},"Attenuation":{"X":0.73333335,"Y":0.8392157,"Z":0.7490196}}},"7":{"Origin":{"X":31,"Y":0,"Z":0},"Radius":4.5,"Properties":{"Color":{"R":59,"G":178,"B":172,"A":255},"Fuzziness":0.14620252,"Attenuation":{"X":0.23137255,"Y":0.69803923,"Z":0.6745098}}},"8":{"Origin":{"X":0,"Y":34,"Z":0},"Radius":4.5,"Properties":{"Color":{"R":201,"G":149,"B":68,"A":255},"Fuzziness":0.0016493836,"Attenuation":{"X":0.7882353,"Y":0.58431375,"Z":0.26666668}}},"9":{"Origin":{"X":37,"Y":0,"Z":0},"Radius":4.5,"Properties":{"RefractiveIndex":1.3906523,"Attenuation":{"X":1,"Y":1,"Z":1}}}}