{"1":{"Color":{"X":0.18039216,"Y":0.9137255,"Z":0.9411765},"Position":{"X":50,"Y":500,"Z":0},"Power":0.7963713},"2":{"Color":{"X":0.22745098,"Y":0.03529412,"Z":0.37254903},"Position":{"X":15.450848,"Y":500,"Z":47.552826},"Power":1.1476208},"3":{"Color":{"X":0.5647059,"Y":0.96862745,"Z":0.5686275},"Position":{"X":-40.45085,"Y":500,"Z":29.38926},"Power":0.059581656},"4":{"Color":{"X":0.96862745,"Y":0.8156863,"Z":0.38431373},"Position":{"X":-40.450848,"Y":500,"Z":-29.389267},"Power":0.26097912},"5":{"Color":{"X":0.17254902,"Y":0.627451,"Z":0.5176471},"Position":{"X":15.450856,"Y":500,"Z":-47.552822},"Power":0.5801567}}