{"0":{"Origin":{"X":3,"Y":0,"Z":0},"Radius":1,"Properties":{"RefractiveIndex":1.7445555,"Attenuation":{"X":1,"Y":1,"Z":1}}},"1":{"Origin":{"X":1.4999999,"Y":2.5980763,"Z":0},"Radius":1,"Properties":{"Color":{"R":77,"G":205,"B":46,"A":255},"Attenuation":{"X":0.3019608,"Y":0.8039216,"Z":0.18039216}}},"2":{"Origin":{"X":-1.5000001,"Y":2.598076,"Z":0},"Radius":1,"Properties":{"Color":{"R":204,"G":119,"B":1,"A":255},"Fuzziness":0.060694616,"Attenuation":{"X":0.8,"Y":0.46666667,"Z":0.003921569}}},"3":{"Origin":{"X":-3,"Y":-2.6226834e-07,"Z":0},"Radius":1,"Properties":{"Color":{"R":189,"G":3,"B":1,"A":255},"Fuzziness":0.32698196,"Attenuation":{"X":0.7411765,"Y":0.011764706,"Z":0.003921569}}},"4":{"Origin":{"X":-1.4999996,"Y":-2.5980763,"Z":0},"Radius":1,"Properties":{"Color":{"R":28,"G":0,"B":100,"A":255},"Attenuation":{"X":0.10980392,"Y":0,"Z":0.39215687}}},"5":{"Origin":{"X":1.5000004,"Y":-2.598076,"Z":0},"Radius":1,"Properties":{"Color":{"R":236,"G":39,"B":245,"A":255},"Attenuation":{"X":0.9254902,"Y":0.15294118,"Z":0.9607843}}}}