{"0":{"Origin":{"X":5.0000014,"Y":-8.660254,"Z":0},"Radius":8.5,"Properties":{"RefractiveIndex":2.3532338,"Attenuation":{"X":1,"Y":1,"Z":1}}},"1":{"Origin":{"X":20,"Y":0,"Z":0},"Radius":8.5,"Properties":{"Color":{"R":1,"G":59,"B":79,"A":255},"Fuzziness":0.26833397,"Attenuation":{"X":0.003921569,"Y":0.23137255,"Z":0.30980393}}},"10":{"Origin":{"X":0,"Y":29.999998,"Z":51.961525},"Radius":8.5,"Properties":{"RefractiveIndex":1.2623254,"Attenuation":{"X":1,"Y":1,"Z":1}}},"12":{"Origin":{"X":35,"Y":60.62178,"Z":0},"Radius":8.5,"Properties":{"Color":{"R":203,"G":157,"B":175,"A":255},"Fuzziness":0.1052132,"Attenuation":{"X":0.79607844,"Y":0.6156863,"Z":0.6862745}}},"14":{"Origin":{"X":39.999996,"Y":0,"Z":69.282036},"Radius":8.5,"Properties":{"Color":{"R":212,"G":241,"B":36,"A":255},"Fuzziness":0.087228194,"Attenuation":{"X":0.83137256,"Y":0.94509804,"Z":0.14117648}}},"15":{"Origin":{"X":0,"Y":-30.000004,"Z":51.96152},"Radius":8.5,"Properties":{"Color":{"R":219,"G":107,"B":224,"A":255},"Attenuation":{"X":0.85882354,"Y":0.41960785,"Z":0.8784314}}},"16":{"Origin":{"X":0,"Y":44.999996,"Z":77.94229},"Radius":8.5,"Properties":{"Color":{"R":130,"G":160,"B":198,"A":255},"Attenuation":{"X":0.50980395,"Y":0.627451,"Z":0.7764706}}},"18":{"Origin":{"X":49.999996,"Y":86.60254,"Z":0},"Radius":8.5,"Properties":{"Color":{"R":188,"G":37,"B":108,"A":255},"Fuzziness":0.45066637,"Attenuation":{"X":0.7372549,"Y":0.14509805,"Z":0.42352942}}},"2":{"Origin":{"X":0,"Y":30,"Z":0},"Radius":8.5,"Properties":{"Color":{"R":213,"G":113,"B":196,"A":255},"Attenuation":{"X":0.8352941,"Y":0.44313726,"Z":0.76862746}}},"20":{"Origin":{"X":0,"Y":-60,"Z":-5.245367e-06},"Radius":8.5,"Properties":{"Color":{"R":157,"G":40,"B":203,"A":255},"Attenuation":{"X":0.6156863,"Y":0.15686275,"Z":0.79607844}}},"21":{"Origin":{"X":-40.000004,"Y":0,"Z":69.28203},"Radius":8.5,"Properties":{"Color":{"R":14,"G":186,"B":90,"A":255},"Fuzziness":0.32134986,"Attenuation":{"X":0.05490196,"Y":0.7294118,"Z":0.3529412}}},"24":{"Origin":{"X":0,"Y":-45.000004,"Z":77.94228},"Radius":8.5,"Properties":{"Color":{"R":240,"G":11,"B":214,"A":255},"Attenuation":{"X":0.9411765,"Y":0.043137256,"Z":0.8392157}}},"25":{"Origin":{"X":0,"Y":-29.999994,"Z":-51.96153},"Radius":8.5,"Properties":{"Color":{"R":205,"G":126,"B":244,"A":255},"Attenuation":{"X":0.8039216,"Y":0.49411765,"Z":0.95686275}}},"27":{"Origin":{"X":-50.000004,"Y":86.60254,"Z":0},"Radius":8.5,"Properties":{"Color":{"R":20,"G":54,"B":167,"A":255},"Fuzziness":0.119119875,"Attenuation":{"X":0.078431375,"Y":0.21176471,"Z":0.654902}}},"28":{"Origin":{"X":-80,"Y":0,"Z":-6.9938224e-06},"Radius":8.5,"Properties":{"Color":{"R":178,"G":237,"B":154,"A":255},"Fuzziness":0.060759645,"Attenuation":{"X":0.69803923,"Y":0.92941177,"Z":0.6039216}}},"3":{"Origin":{"X":40,"Y":0,"Z":0},"Radius":8.5,"Properties":{"RefractiveIndex":1.580327,"Attenuation":{"X":1,"Y":1,"Z":1}}},"30":{"Origin":{"X":-34.999992,"Y":-60.621784,"Z":0},"Radius":8.5,"Properties":{"RefractiveIndex":2.1495326,"Attenuation":{"X":1,"Y":1,"Z":1}}},"32":{"Origin":{"X":0,"Y":-90,"Z":-7.8680505e-06},"Radius":8.5,"Properties":{"RefractiveIndex":1.8002992,"Attenuation":{"X":1,"Y":1,"Z":1}}},"35":{"Origin":{"X":-39.999992,"Y":0,"Z":-69.282036},"Radius":8.5,"Properties":{"Color":{"R":165,"G":125,"B":31,"A":255},"Attenuation":{"X":0.64705884,"Y":0.49019608,"Z":0.12156863}}},"36":{"Origin":{"X":-100,"Y":-8.742278e-06,"Z":0},"Radius":8.5,"Properties":{"Color":{"R":96,"G":232,"B":228,"A":255},"Fuzziness":0.13722692,"Attenuation":{"X":0.3764706,"Y":0.9098039,"Z":0.89411765}}},"4":{"Origin":{"X":50,"Y":0,"Z":0},"Radius":8.5,"Properties":{"Color":{"R":136,"G":133,"B":83,"A":255},"Attenuation":{"X":0.53333336,"Y":0.52156866,"Z":0.3254902}}},"40":{"Origin":{"X":0,"Y":-44.999992,"Z":-77.94229},"Radius":8.5,"Properties":{"Color":{"R":64,"G":127,"B":33,"A":255},"Attenuation":{"X":0.2509804,"Y":0.49803922,"Z":0.12941177}}},"42":{"Origin":{"X":40.00001,"Y":0,"Z":-69.28203},"Radius":8.5,"Properties":{"Color":{"R":192,"G":36,"B":161,"A":255},"Fuzziness":0.33121443,"Attenuation":{"X":0.7529412,"Y":0.14117648,"Z":0.6313726}}},"45":{"Origin":{"X":-49.99999,"Y":-86.60255,"Z":0},"Radius":8.5,"Properties":{"Color":{"R":203,"G":128,"B":119,"A":255},"Attenuation":{"X":0.79607844,"Y":0.5019608,"Z":0.46666667}}},"48":{"Origin":{"X":0,"Y":45.00001,"Z":-77.942276},"Radius":8.5,"Properties":{"Color":{"R":156,"G":145,"B":194,"A":255},"Attenuation":{"X":0.6117647,"Y":0.5686275,"Z":0.7607843}}},"5":{"Origin":{"X":0,"Y":60,"Z":0},"Radius":8.5,"Properties":{"Color":{"R":3,"G":187,"B":200,"A":255},"Attenuation":{"X":0.011764706,"Y":0.73333335,"Z":0.78431374}}},"54":{"Origin":{"X":50.00001,"Y":-86.60253,"Z":0},"Radius":8.5,"Properties":{"Color":{"R":29,"G":130,"B":124,"A":255},"Fuzziness":0.06053116,"Attenuation":{"X":0.11372549,"Y":0.50980395,"Z":0.4862745}}},"6":{"Origin":{"X":70,"Y":0,"Z":0},"Radius":8.5,"Properties":{"Color":{"R":205,"G":60,"B":9,"A":255},"Attenuation":{"X":0.8039216,"Y":0.23529412,"Z":0.03529412}}},"7":{"Origin":{"X":80,"Y":0,"Z":0},"Radius":8.5,"Properties":{"Color":{"R":16,"G":76,"B":159,"A":255},"Fuzziness":0.129852,"Attenuation":{"X":0.0627451,"Y":0.29803923,"Z":0.62352943}}},"8":{"Origin":{"X":0,"Y":90,"Z":0},"Radius":8.5,"Properties":{"Color":{"R":172,"G":134,"B":213,"A":255},"Fuzziness":0.23200803,"Attenuation":{"X":0.6745098,"Y":0.5254902,"Z":0.8352941}}},"9":{"Origin":{"X":100,"Y":0,"Z":0},"Radius":8.5,"Properties":{"Color":{"R":176,"G":218,"B":75,"A":255},"Fuzziness":0.47507796,"Attenuation":{"X":0.6901961,"Y":0.85490197,"Z":0.29411766}}}}