{"Origin":{"X":-0.5,"Y":2,"Z":-8},"ImagePlaneHorizontal":{"X":-5.842375,"Y":0,"Z":1.9474583},"ImagePlaneVertical":{"X":-0.46947652,"Y":-3.1298435,"Z":-1.4084295},"UpperLeftCorner":{"X":2.9416401,"Y":3.1363504,"Z":-7.412371}}