{"1":{"Color":{"X":0.56078434,"Y":0.101960786,"Z":0.14901961},"Position":{"X":50,"Y":40,"Z":0},"Power":48.585957},"2":{"Color":{"X":0.62352943,"Y":0.23137255,"Z":0.6627451},"Position":{"X":-25.000002,"Y":40,"Z":43.30127},"Power":29.667976},"3":{"Color":{"X":0.6313726,"Y":0.28627452,"Z":0.105882354},"Position":{"X":-24.999994,"Y":40,"Z":-43.301273},"Power":34.314665}, "4":{"Color":{"X":0.56078434,"Y":0.101960786,"Z":0.14901961},"Position":{"X":0,"Y":-3,"Z":20},"Power":28.585957}}