{"1":{"Color":{"X":0.44705883,"Y":0.81960785,"Z":0.5019608},"Position":{"X":50,"Y":500,"Z":0},"Power":200},"2":{"Color":{"X":0.84313726,"Y":0.08627451,"Z":0.62352943},"Position":{"X":15.450848,"Y":500,"Z":47.552826},"Power":400},"3":{"Color":{"X":0.29411766,"Y":0.1764706,"Z":0.60784316},"Position":{"X":-40.45085,"Y":500,"Z":29.38926},"Power":600},"4":{"Color":{"X":0.33333334,"Y":0.18039216,"Z":0.17254902},"Position":{"X":-40.450848,"Y":500,"Z":-29.389267},"Power":800},"5":{"Color":{"X":0.80784315,"Y":0.13725491,"Z":0.6627451},"Position":{"X":15.450856,"Y":500,"Z":-47.552822},"Power":550}}