{"1":{"Color":{"X":0.44705883,"Y":0.81960785,"Z":0.5019608},"Position":{"X":20,"Y":80,"Z":0},"Power":90}}